epoch,acc,cat_acc,dice_coef,f1_m,iou_coef,jacard_coef,loss,precision_m,recall_m,subset_accuracy,val_acc,val_cat_acc,val_dice_coef,val_f1_m,val_iou_coef,val_jacard_coef,val_loss,val_precision_m,val_recall_m,val_subset_accuracy
0,0.6215606,0.6215606,0.51485085,0.9293817,0.38271245,0.95355576,0.13414184331637005,0.748396,2.2576132,0.8817726,0.6690887,0.6690887,0.62099606,0.97600114,0.5036616,0.75453943,0.1300770164682315,0.75666785,2.316453,0.90547264
1,0.67224413,0.67224413,0.6012804,0.97127175,0.4697366,0.78364253,0.13059845361216316,0.75839627,2.3038003,0.90033156,0.6610857,0.6610857,0.63507795,0.92933786,0.5180988,0.7266454,0.13055528092842836,0.7051311,2.3184874,0.90426713
2,0.6902925,0.6902925,0.62741005,0.9873627,0.49734044,0.7323154,0.12940226827116533,0.7682268,2.314883,0.9053693,0.6577119,0.6577119,0.64026254,0.9081331,0.52530867,0.7163672,0.13086766996062718,0.6801625,2.3244627,0.9017095
3,0.7051845,0.7051845,0.6462005,0.9996057,0.5171273,0.69543976,0.12849785423912535,0.7750808,2.3244967,0.9085299,0.66964203,0.66964203,0.65494007,0.92348933,0.5416486,0.6871979,0.1300302341580391,0.6923764,2.3310473,0.9067249
4,0.72134674,0.72134674,0.6636809,1.0112486,0.53522515,0.6611325,0.12768876387726988,0.78069067,2.33498,0.9111752,0.68639994,0.68639994,0.67154753,0.9468725,0.55953026,0.6542145,0.12913324036277257,0.71337724,2.3366864,0.9099525
5,0.73310953,0.73310953,0.6782965,1.019733,0.55098647,0.6324187,0.12703877366308508,0.7843436,2.343439,0.9138471,0.69395447,0.69395447,0.67947036,0.9539852,0.56907827,0.63844335,0.12878320262982296,0.71872336,2.34032,0.91106427
6,0.7406309,0.7406309,0.68906635,1.024718,0.56260365,0.6112361,0.12659625995947027,0.78582263,2.3495169,0.9158441,0.70056576,0.70056576,0.68739706,0.9605337,0.5775084,0.62269235,0.12838056517335084,0.7233811,2.3438647,0.91231096
7,0.747348,0.747348,0.6986558,1.0300162,0.5733591,0.59237224,0.1261867361635655,0.7882383,2.3548143,0.91778183,0.69784534,0.69784534,0.6875876,0.95612055,0.57905275,0.62224907,0.12860120884501017,0.71881205,2.3438864,0.91151214
8,0.75223106,0.75223106,0.7062772,1.0335234,0.5819954,0.577372,0.12587001082626567,0.7895958,2.358727,0.91940284,0.7094581,0.7094581,0.6960685,0.9704656,0.58738256,0.605424,0.12796744933495155,0.7306831,2.3490057,0.9136206
9,0.7553611,0.7553611,0.71140414,1.0356205,0.58788884,0.56728095,0.1256657112389803,0.7903076,2.3612876,0.9203137,0.7108665,0.7108665,0.69669515,0.97271156,0.58760077,0.6041747,0.12785449280188635,0.7323871,2.3499413,0.91424394
10,0.76010823,0.76010823,0.7178323,1.0398916,0.59538466,0.5546333,0.12537886632670617,0.79275787,2.3648338,0.921691,0.7141848,0.7141848,0.7016227,0.97596353,0.5935357,0.59436613,0.1276850439608097,0.73464924,2.351946,0.91471374
11,0.76317036,0.76317036,0.72244316,1.0424697,0.60041595,0.545557,0.12518211636135632,0.79405534,2.3672733,0.9226675,0.7189767,0.7189767,0.7044192,0.9823088,0.5957785,0.5888233,0.12740804604612865,0.7399568,2.3540568,0.91562504
12,0.7662605,0.7662605,0.7267447,1.0452089,0.6055744,0.537094,0.12498504280958367,0.79566973,2.3695,0.92364144,0.72054183,0.72054183,0.7059832,0.9845022,0.59743965,0.5857172,0.12733623861120297,0.7414974,2.3553352,0.91588736
13,0.7690334,0.7690334,0.73089665,1.0475442,0.6102868,0.5289202,0.1248089319587439,0.7968988,2.371662,0.92454183,0.7153594,0.7153594,0.70282674,0.97626215,0.5936833,0.59196657,0.12770855850898302,0.7339811,2.3533537,0.91397756
14,0.7709518,0.7709518,0.73398334,1.0491165,0.6139594,0.5228423,0.1246809883193038,0.7977165,2.3731613,0.9251718,0.7244582,0.7244582,0.71073276,0.98853135,0.6037315,0.5762544,0.12718296096875117,0.7443892,2.3577144,0.9166234
15,0.7730559,0.7730559,0.7369212,1.0509567,0.6174425,0.51705927,0.1245568058314337,0.7987645,2.3747365,0.9257912,0.72876984,0.72876984,0.71415,0.9950238,0.6074638,0.569458,0.12693025183219175,0.74995077,2.3597941,0.9175876
16,0.7756567,0.7756567,0.7405814,1.0535398,0.6216647,0.5098568,0.12438239140072088,0.8004562,2.376594,0.9266433,0.7267054,0.7267054,0.7122172,0.9921312,0.6048041,0.5733144,0.1270146960249314,0.7477163,2.3582625,0.9171369
17,0.77779007,0.77779007,0.74362326,1.0554287,0.6251926,0.5038694,0.12424671206751774,0.80155295,2.3781848,0.9273742,0.7347648,0.7347648,0.71870077,1.0024829,0.61127305,0.5604559,0.12657813613231367,0.7563897,2.3618367,0.9184398
18,0.7805462,0.7805462,0.7467681,1.0582008,0.6288493,0.49768448,0.12409508024909716,0.8035412,2.3798392,0.92799693,0.73654914,0.73654914,0.71978456,1.0056491,0.6121427,0.55833465,0.1264794553701694,0.7593296,2.362366,0.91834605
19,0.78181505,0.78181505,0.7488999,1.0593888,0.63117105,0.49349046,0.12399801235089357,0.80416495,2.3808765,0.9285415,0.73108864,0.73108864,0.7161315,0.9984539,0.6083345,0.565581,0.12675202786922454,0.7532593,2.3597956,0.9175186
20,0.78331,0.78331,0.75102866,1.0607262,0.6337319,0.48929822,0.12390936262391765,0.8050354,2.3818886,0.9289575,0.736624,0.736624,0.7197602,1.0066924,0.6127005,0.5583901,0.12643415142710393,0.76035684,2.362551,0.9190878
21,0.78626657,0.78626657,0.75450224,1.063699,0.63778055,0.48246634,0.12373538062661543,0.8071332,2.3837538,0.9297758,0.7346986,0.7346986,0.7185373,1.0039607,0.6109358,0.5608191,0.12654720430190747,0.75805724,2.3613915,0.9182762
22,0.78716034,0.78716034,0.7559933,1.064645,0.6393911,0.4795315,0.12366779369098702,0.80772024,2.3844407,0.93012875,0.7367137,0.7367137,0.72030634,1.0061995,0.6126983,0.5572506,0.12643951166134615,0.7597736,2.3624783,0.9188222
23,0.7879015,0.7879015,0.75744754,1.0653336,0.6410708,0.47666693,0.1236038928872895,0.8081248,2.3850374,0.9305807,0.7364502,0.7364502,0.7188901,1.004751,0.6108257,0.56008875,0.12658193650153968,0.75812155,2.3628676,0.9179843
24,0.7904953,0.7904953,0.7604981,1.0679803,0.64473873,0.47066587,0.12345170180431042,0.8100275,2.3866804,0.93131226,0.73588717,0.73588717,0.7200498,1.0042567,0.612653,0.557775,0.12656048954679416,0.7576832,2.3626661,0.91819835
25,0.7919667,0.7919667,0.76249754,1.0694106,0.6471001,0.46673334,0.12335287214353166,0.81102157,2.387592,0.9317947,0.7367475,0.7367475,0.7207515,1.0053321,0.6139865,0.55637246,0.12646716449123163,0.758452,2.3635123,0.91924465
26,0.79400766,0.79400766,0.7650757,1.0714298,0.6500106,0.46165845,0.12323519285639813,0.8123735,2.3889878,0.93243456,0.73015195,0.73015195,0.7165649,0.9974302,0.61008817,0.56461936,0.12681440006081873,0.7521045,2.360111,0.91825575
27,0.79478335,0.79478335,0.76645064,1.0721661,0.6515573,0.45895267,0.12317029757146862,0.8128195,2.38957,0.9327778,0.73412967,0.73412967,0.71944505,1.0011175,0.6129831,0.55894953,0.12668558926536486,0.7545712,2.3626163,0.9182885
28,0.79624206,0.79624206,0.7682313,1.0737792,0.65378624,0.45545205,0.123072632449283,0.81409514,2.3903904,0.93325746,0.7338176,0.7338176,0.7196389,1.0015019,0.6123022,0.5585181,0.12655695860202495,0.755188,2.3620336,0.91904205
29,0.7967392,0.7967392,0.7694768,1.0739421,0.6552887,0.4529958,0.12303870366136918,0.81394625,2.390941,0.93347037,0.7298875,0.7298875,0.71540916,0.99741215,0.60791135,0.5669395,0.1267664607327718,0.75195795,2.3603213,0.918477
30,0.7983402,0.7983402,0.7711733,1.0757827,0.6573243,0.4496574,0.12294681849835933,0.81540364,2.3918154,0.9338833,0.73080224,0.73080224,0.7176304,0.9972807,0.6112376,0.56250054,0.12681868597865104,0.75126415,2.3614116,0.91812253
31,0.79919094,0.79919094,0.7727403,1.076588,0.6591081,0.44657063,0.12288295447655108,0.8158165,2.3926015,0.9342618,0.7248176,0.7248176,0.7119593,0.9909069,0.6037758,0.5737447,0.12704506195508516,0.7465176,2.3578444,0.9174989
32,0.8003412,0.8003412,0.7741725,1.0777034,0.660938,0.44375458,0.12280607067219827,0.8166387,2.3932536,0.93467396,0.7269143,0.7269143,0.71469355,0.99259096,0.60808915,0.56831306,0.12703133340065295,0.7475118,2.3592834,0.9173928
33,0.80157936,0.80157936,0.77585065,1.0789734,0.66284144,0.44045335,0.12272338995217592,0.8175804,2.3940122,0.9350734,0.7209549,0.7209549,0.71083766,0.9856886,0.6037661,0.5759365,0.12725568109979996,0.7418318,2.3564658,0.9168254
34,0.80323577,0.80323577,0.77788174,1.0808349,0.6652091,0.43646118,0.12260738537571896,0.8190105,2.394996,0.9356966,0.7215603,0.7215603,0.70893055,0.987324,0.6007953,0.57976836,0.1271716626217732,0.7435226,2.3565009,0.9171585
35,0.8041727,0.8041727,0.7791612,1.0817435,0.66700387,0.4339424,0.12255048424262426,0.8196576,2.3956027,0.9360142,0.7234502,0.7234502,0.7119858,0.98839355,0.60435635,0.5736912,0.1271306349680974,0.7439495,2.3576808,0.917005
36,0.8041699,0.8041699,0.7795855,1.0816573,0.6674707,0.4331012,0.12254493642898126,0.8194835,2.3957205,0.9360366,0.7239581,0.7239581,0.7112325,0.989267,0.6033434,0.5752105,0.12711690234450193,0.7447117,2.3579895,0.9170195
37,0.8063134,0.8063134,0.7817246,1.0840987,0.6700072,0.42889985,0.12241808237272432,0.8214419,2.396861,0.93661624,0.71980333,0.71980333,0.70995355,0.983447,0.602514,0.5777176,0.1272859910932871,0.7396492,2.3561537,0.91639054
38,0.80688626,0.80688626,0.78285176,1.0845306,0.6714571,0.42667776,0.12237079636375794,0.82164913,2.397331,0.9369365,0.7225969,0.7225969,0.711452,0.98680043,0.60346705,0.5747568,0.12717120870947837,0.7422504,2.3577676,0.9170279
39,0.8083971,0.8083971,0.78463113,1.086293,0.67350775,0.42317784,0.12227636922536225,0.8230165,2.3982162,0.9373914,0.71344405,0.71344405,0.7058939,0.97518504,0.5995447,0.5857506,0.12766993865370752,0.7326267,2.3534422,0.9150856
40,0.80713326,0.80713326,0.78367984,1.0846808,0.6722711,0.42504326,0.12235086154321144,0.821595,2.397654,0.93703157,0.7120002,0.7120002,0.70486075,0.97329444,0.5978475,0.5878203,0.12768569846565908,0.7309847,2.3527155,0.9147113
41,0.80831337,0.80831337,0.785037,1.0860693,0.6742035,0.42237392,0.12226806240605897,0.82276696,2.3982513,0.937478,0.7167613,0.7167613,0.7081699,0.9789406,0.6012827,0.5812427,0.1275053208264021,0.73547995,2.3553288,0.91574365
42,0.8088706,0.8088706,0.7861336,1.0863956,0.6757311,0.42021525,0.1222287784919314,0.8228914,2.3986661,0.93762916,0.7049232,0.7049232,0.6996818,0.9642698,0.5920773,0.5980591,0.1280693086867149,0.7232542,2.349731,0.91350865
43,0.8112302,0.8112302,0.7885215,1.0892851,0.67834836,0.41552094,0.1220855844132174,0.825232,2.3999836,0.9383988,0.7034447,0.7034447,0.69757867,0.962607,0.59041286,0.60225326,0.1282011284851111,0.72199696,2.3489726,0.91300905
44,0.8118146,0.8118146,0.7894389,1.089767,0.67963564,0.41371363,0.12204810454585087,0.82554436,2.4003818,0.93860203,0.7020821,0.7020821,0.69725424,0.96054894,0.5895289,0.602865,0.1282559440113031,0.7201634,2.3482466,0.9123779
45,0.8127702,0.8127702,0.79048586,1.0909581,0.68087995,0.41165498,0.12198533798600066,0.8265237,2.4008732,0.93890226,0.7017517,0.7017517,0.6996167,0.9593691,0.59370464,0.59816664,0.12828434390517382,0.7190899,2.348084,0.91205454
46,0.81290585,0.81290585,0.7912112,1.0909368,0.6818382,0.41022217,0.1219644390003777,0.82640916,2.4010432,0.9390491,0.7073225,0.7073225,0.70258313,0.9659905,0.5966211,0.5922783,0.1280537977241553,0.7243979,2.3510904,0.91338724
47,0.81338197,0.81338197,0.79193723,1.091332,0.6827895,0.40879226,0.12192967093025131,0.82662463,2.4013834,0.9392493,0.70750463,0.70750463,0.7024694,0.9667959,0.59525514,0.59254056,0.12796179153598272,0.725174,2.3509421,0.9136027
48,0.81420547,0.81420547,0.7929533,1.0921011,0.6841049,0.40679273,0.12188924883288899,0.8271551,2.4019296,0.93940395,0.7091756,0.7091756,0.7028992,0.96892315,0.59470636,0.59167457,0.12788804998764625,0.7268127,2.3518991,0.91385126
49,0.81457824,0.81457824,0.7931826,1.0926217,0.68400496,0.40634447,0.12186587741063244,0.82758164,2.4021187,0.93949574,0.7037213,0.7037213,0.6992079,0.9616753,0.5925721,0.5989996,0.12822439492895052,0.72087514,2.3492498,0.91253895
50,0.81606615,0.81606615,0.79505545,1.0942886,0.68652743,0.40266263,0.12175879636030087,0.8289402,2.4029117,0.9400406,0.7081013,0.7081013,0.702091,0.9668877,0.595542,0.59325886,0.1280571529498467,0.725098,2.351473,0.91343313
51,0.8172171,0.8172171,0.7964145,1.0954738,0.68822706,0.39999127,0.12168783210646147,0.82985425,2.4036071,0.94042987,0.70684946,0.70684946,0.7010523,0.9653817,0.593893,0.5953432,0.12807193662111577,0.7239176,2.350672,0.91301745
52,0.8173712,0.8173712,0.79656553,1.0956894,0.6883575,0.39969277,0.12167981990623748,0.8299977,2.403691,0.9404317,0.6914565,0.6914565,0.6903568,0.9452503,0.5839952,0.61653554,0.12900660834633387,0.70688677,2.3438802,0.9088689
53,0.8184148,0.8184148,0.79809016,1.0968318,0.6903959,0.39669073,0.12160052226363928,0.83090633,2.4042974,0.9408951,0.7040222,0.7040222,0.69926757,0.9618194,0.5907765,0.5989021,0.12819077315238805,0.7208609,2.349252,0.9120443
54,0.81785303,0.81785303,0.79728377,1.0961314,0.68908036,0.39827815,0.12164725395369119,0.83028466,2.4040027,0.94061756,0.7122097,0.7122097,0.7036043,0.9718451,0.5960732,0.5902515,0.1279538037112126,0.72897947,2.3538723,0.914033
55,0.8197254,0.8197254,0.7994626,1.0982623,0.6920759,0.3939952,0.12152566339007054,0.8319939,2.4050477,0.9412036,0.706592,0.706592,0.6994166,0.9654135,0.5906935,0.598595,0.12810775517271114,0.723839,2.3507638,0.912967
56,0.81985724,0.81985724,0.7998049,1.0982722,0.6924337,0.3933181,0.12151679563625105,0.83194995,2.4051676,0.94129187,0.6995596,0.6995596,0.69590443,0.9553564,0.5889273,0.60555357,0.12852891729428217,0.7152326,2.3477128,0.9111288
57,0.8195987,0.8195987,0.79970026,1.097959,0.6921628,0.39352,0.1215302461608388,0.83163714,2.405101,0.94126993,0.71345717,0.71345717,0.7055072,0.9734894,0.59735894,0.5864962,0.1278070248090304,0.7303124,2.3543525,0.9143262
58,0.8219133,0.8219133,0.80203414,1.1006736,0.69503087,0.3889394,0.12138301262567783,0.83387107,2.4063146,0.9419378,0.7050814,0.7050814,0.6973531,0.96286184,0.5881693,0.60271364,0.1283355746131677,0.7214363,2.3504376,0.9120496
59,0.82192963,0.82192963,0.802362,1.1005785,0.6955247,0.38828927,0.12137931454712632,0.8337186,2.406395,0.9419677,0.70222217,0.70222217,0.69652283,0.95857215,0.5886288,0.60435396,0.12847676987831408,0.7176515,2.3492608,0.9113079
60,0.822746,0.822746,0.80324477,1.1015003,0.696629,0.38655606,0.12132308533650706,0.83447415,2.4068363,0.9422448,0.70395356,0.70395356,0.6964026,0.9609722,0.58588976,0.60455245,0.12843299869161387,0.719582,2.3500957,0.911218
61,0.82299733,0.82299733,0.80390126,1.10157,0.6975209,0.38525942,0.1213067134135756,0.83445895,2.4070292,0.9423109,0.69484514,0.69484514,0.68923473,0.9496752,0.58077925,0.6187983,0.1289308444238626,0.71061844,2.3453417,0.9093858
62,0.82495457,0.82495457,0.8058328,1.1039953,0.69982487,0.38146687,0.12118097777938706,0.8364483,2.4080646,0.94295585,0.6933912,0.6933912,0.68886775,0.9474449,0.57913494,0.61947477,0.1290447164613467,0.70835155,2.345017,0.90836227
63,0.82362455,0.82362455,0.8045379,1.1023259,0.6980376,0.38400897,0.12126673845809767,0.8350248,2.4073954,0.94251907,0.6920757,0.6920757,0.6900203,0.94587725,0.5834768,0.6172144,0.1290260190000901,0.707359,2.3442225,0.9088937
64,0.8254935,0.8254935,0.8064654,1.1045331,0.7004242,0.38022265,0.12115113454303522,0.83682996,2.4083917,0.9430564,0.697425,0.697425,0.6908602,0.95340025,0.5808412,0.61554056,0.12878273971951926,0.71373016,2.3464572,0.90972537
65,0.825374,0.825374,0.80675614,1.1042125,0.7011771,0.3796426,0.12115256749521727,0.8365039,2.4083965,0.9431044,0.702132,0.702132,0.6909579,0.95910335,0.576825,0.6153372,0.12856464896064537,0.71805114,2.3488817,0.9100892
66,0.8257305,0.8257305,0.80719686,1.1045148,0.70155823,0.37877536,0.12113173284578597,0.8367194,2.408624,0.9432015,0.6985996,0.6985996,0.6892776,0.95432705,0.5759537,0.618636,0.12878331049130512,0.7139869,2.3474302,0.9092345
67,0.8272873,0.8272873,0.80888706,1.1062359,0.7037446,0.3754558,0.12102973026533921,0.83810997,2.409453,0.94370157,0.6844497,0.6844497,0.6844669,0.9354468,0.57696015,0.62813973,0.129632744880823,0.6983998,2.340772,0.90569174
68,0.8269523,0.8269523,0.80858755,1.1059523,0.7033685,0.37604457,0.12104799801847715,0.837901,2.4092524,0.94357884,0.6890881,0.6890881,0.6865423,0.941488,0.5778942,0.62409484,0.12930538293260793,0.70336133,2.34293,0.90699583
69,0.827524,0.827524,0.80955374,1.1065097,0.7046699,0.37413815,0.12100875135725257,0.8382585,2.4096847,0.94384855,0.702706,0.702706,0.69313484,0.95933664,0.5805783,0.6109824,0.12855492509328403,0.7182618,2.3490744,0.9101118
70,0.8295633,0.8295633,0.8114991,1.1088938,0.70705175,0.37031618,0.12088726844167573,0.8402359,2.4107113,0.94444907,0.6836601,0.6836601,0.68257946,0.9347305,0.5744633,0.6319213,0.12967203872708175,0.69786966,2.340189,0.90519
71,0.82722336,0.82722336,0.80946624,1.1060448,0.7044063,0.37431103,0.1210190878388868,0.8378294,2.4095762,0.9437435,0.6964235,0.6964235,0.6879168,0.95238346,0.5738483,0.6213068,0.12884987770364834,0.7126077,2.3458266,0.90859467
72,0.8309026,0.8309026,0.81312394,1.1103286,0.7090639,0.36712456,0.12079479065777242,0.8413862,2.4114509,0.94486207,0.69625926,0.69625926,0.68809855,0.951273,0.5754802,0.6209597,0.1289490075638661,0.71142554,2.346386,0.90863276
73,0.83075875,0.83075875,0.81306255,1.1101639,0.7088697,0.3672442,0.12080294533964546,0.8412035,2.4114234,0.9448057,0.68735236,0.68735236,0.68600285,0.9390633,0.57765174,0.6251458,0.12945091248704838,0.7013021,2.3421125,0.9061904
74,0.8306055,0.8306055,0.8130644,1.1099011,0.70910186,0.36723804,0.12081311670956256,0.840936,2.4113853,0.9447555,0.7044402,0.7044402,0.70143926,0.96094996,0.59369487,0.5945165,0.12830877424432682,0.7196698,2.3497732,0.9111693
75,0.83210653,0.83210653,0.8147706,1.111565,0.7111578,0.36388457,0.12071788212519953,0.84230506,2.4121883,0.94522136,0.6983128,0.6983128,0.69034886,0.95438343,0.57698,0.6165054,0.12876419155643537,0.71427923,2.3467038,0.9089596
76,0.8302307,0.8302307,0.812987,1.1093562,0.7089949,0.36738467,0.12083164536147967,0.84043473,2.4112566,0.9446969,0.6931231,0.6931231,0.68578374,0.9478257,0.570345,0.6254125,0.12912797853350638,0.70851046,2.3443277,0.9068783
77,0.8328023,0.8328023,0.8154555,1.1123815,0.7121563,0.36253753,0.12067438846175697,0.84295046,2.412579,0.9454765,0.6848589,0.6848589,0.6821396,0.9361858,0.5708632,0.6327097,0.12969418448897507,0.69865155,2.3410609,0.9048143
78,0.8334796,0.8334796,0.81637573,1.1131364,0.7132117,0.3607278,0.1206233399738183,0.84354246,2.4129636,0.9457171,0.71051157,0.71051157,0.7012875,0.9695589,0.5888821,0.5948529,0.1279993923810812,0.7267635,2.3525648,0.91245514
79,0.83447444,0.83447444,0.8175123,1.1142179,0.71477085,0.3584924,0.12056265056304548,0.8444257,2.41349,0.9460056,0.688512,0.688512,0.6857667,0.94073766,0.57651156,0.62560767,0.12940363820928794,0.7027484,2.3425026,0.9063348
80,0.8353372,0.8353372,0.81850547,1.1152041,0.71588653,0.35653925,0.12050376755410228,0.84520465,2.4139674,0.94633,0.6993354,0.6993354,0.69386226,0.9547147,0.58280617,0.60952705,0.12873703476328116,0.7141821,2.3477192,0.9092693
81,0.83473957,0.83473957,0.81797045,1.1144994,0.7151343,0.35759002,0.12054038786425672,0.84459394,2.4136846,0.9461497,0.6906772,0.6906772,0.6805331,0.94437635,0.5624695,0.635578,0.1294585813696568,0.70537895,2.3432984,0.9049139
82,0.83527076,0.83527076,0.81861407,1.115049,0.7159985,0.35632566,0.12050231225017843,0.84503675,2.4139724,0.94629407,0.7039303,0.7039303,0.69327885,0.9618328,0.5764317,0.6105877,0.12848103929024476,0.7201283,2.3495636,0.9100792
83,0.83670753,0.83670753,0.82025933,1.116585,0.718099,0.3530911,0.12041440008786218,0.8462392,2.4147866,0.9467537,0.6692012,0.6692012,0.6567197,0.9174776,0.52977014,0.68184775,0.13096161163770237,0.68265,2.3329165,0.8970293
84,0.8376212,0.8376212,0.82133204,1.1177456,0.7194883,0.35098448,0.1203450554360946,0.8472062,2.4152443,0.94710255,0.6946275,0.6946275,0.68862116,0.9494009,0.5738885,0.6198019,0.12907186889877686,0.70949227,2.3455172,0.907428
85,0.8384587,0.8384587,0.82209367,1.1186279,0.7204689,0.34948754,0.12030163197510543,0.8479181,2.415697,0.9472793,0.686965,0.686965,0.6801126,0.9392029,0.5636804,0.63662374,0.12965713429909487,0.70077634,2.3420057,0.90435934
86,0.83635753,0.83635753,0.82007676,1.1160121,0.7178716,0.35344484,0.12043972690215056,0.84568894,2.414663,0.94658124,0.6784697,0.6784697,0.6706595,0.92828965,0.55304193,0.6552514,0.1302319168471373,0.6918736,2.3378744,0.9015394
87,0.83718395,0.83718395,0.8208371,1.1170238,0.71889496,0.35195905,0.1203784991655199,0.8465348,2.4150918,0.94687736,0.68765116,0.68765116,0.68299407,0.9393171,0.5706529,0.63110447,0.12961430945075475,0.7010631,2.3423445,0.9045991
88,0.8399637,0.8399637,0.8239348,1.1202487,0.7227735,0.3458632,0.1202030385277052,0.84915733,2.4165874,0.94781625,0.6787464,0.6787464,0.6735809,0.9280148,0.5604581,0.64961743,0.1303212016247786,0.69176155,2.3380353,0.90131164
89,0.840088,0.840088,0.82422024,1.1203771,0.7231151,0.34530357,0.12018832735631657,0.84925544,2.4166474,0.94785565,0.6718783,0.6718783,0.66012377,0.9201624,0.5359917,0.675478,0.13083390633647257,0.6846808,2.334673,0.89801973
90,0.84056306,0.84056306,0.8246694,1.1209373,0.7238468,0.3444214,0.12015858802130852,0.84974015,2.4168792,0.9479915,0.68217385,0.68217385,0.6701485,0.9333489,0.5479553,0.6559958,0.13010493001112572,0.69585586,2.3394542,0.90136254
91,0.841363,0.841363,0.82557756,1.1218215,0.72488815,0.34263656,0.1201071485277565,0.8504302,2.4173481,0.9482458,0.6751682,0.6751682,0.6704657,0.92307085,0.5559386,0.65573627,0.13062601525049944,0.6871943,2.3368142,0.8996783
92,0.8418196,0.8418196,0.8262104,1.122278,0.72561467,0.34139088,0.12007883632148819,0.8507824,2.4176018,0.9483971,0.6966877,0.6966877,0.69004124,0.9513779,0.57545483,0.61697143,0.128968002475225,0.7110823,2.3464005,0.9074357
93,0.84274966,0.84274966,0.82712644,1.1233774,0.7267047,0.33959374,0.12001670479517558,0.851676,2.418101,0.9486898,0.68171716,0.68171716,0.6781063,0.93189394,0.56655717,0.6406734,0.13005254675562566,0.6950237,2.339503,0.9027583
94,0.8430077,0.8430077,0.82732296,1.1237202,0.7272771,0.33920857,0.12000171608965972,0.85198534,2.4182153,0.94873106,0.67553943,0.67553943,0.663607,0.92487216,0.53833187,0.66842884,0.13063419363819637,0.6885287,2.3362093,0.898476
95,0.8437727,0.8437727,0.82823205,1.1244413,0.72824657,0.33741784,0.11996213216120484,0.8525052,2.4186797,0.94894326,0.6833766,0.6833766,0.6816753,0.9329542,0.56700313,0.6332956,0.1300459343080337,0.6950811,2.3410044,0.9025068
96,0.84324443,0.84324443,0.82787883,1.1237518,0.7278965,0.33811077,0.11998983055096248,0.85191685,2.4184287,0.9487833,0.67053574,0.67053574,0.6629968,0.91712195,0.54375625,0.67019093,0.1310969994045221,0.6820007,2.3345773,0.89685804
97,0.8451461,0.8451461,0.83010566,1.1259754,0.73071265,0.33373255,0.11985545324953809,0.85372186,2.4194486,0.94948804,0.67566305,0.67566305,0.6688553,0.9245972,0.5497089,0.65871894,0.13051016451074526,0.68840784,2.3368099,0.90011275
98,0.84433925,0.84433925,0.8292629,1.1248885,0.72962815,0.33538628,0.11991614349528976,0.85276604,2.4190738,0.94918704,0.6943926,0.6943926,0.6857921,0.94840336,0.56753284,0.62530863,0.12924208681170757,0.7081981,2.3454328,0.9056887
99,0.84598994,0.84598994,0.8310169,1.1268582,0.7319569,0.33194086,0.1198049677728579,0.854423,2.4199183,0.9497288,0.6700544,0.6700544,0.66599643,0.91590786,0.55249506,0.66450256,0.13114147203472945,0.68106645,2.3347893,0.89754593
100,0.8468216,0.8468216,0.8319333,1.1277877,0.7330405,0.330142,0.11974933148286808,0.85516226,2.420366,0.94999117,0.6800544,0.6800544,0.6767925,0.92857933,0.5633837,0.64321214,0.13030575467989994,0.69155467,2.3394325,0.9012549
101,0.8421293,0.8421293,0.827163,1.122323,0.72700775,0.33950987,0.12004757509834466,0.85063344,2.4179425,0.948513,0.6654764,0.6654764,0.6548911,0.91140956,0.52984494,0.6859164,0.13131331767027193,0.6772291,2.331861,0.8955452
102,0.84759194,0.84759194,0.83287424,1.1286092,0.73440164,0.3282876,0.1197022534692767,0.85580814,2.4208152,0.9502682,0.6691398,0.6691398,0.67082274,0.91356635,0.56344944,0.6549824,0.1312235968044171,0.67913246,2.3347883,0.8977982
103,0.8491137,0.8491137,0.8346359,1.130347,0.7367072,0.32482645,0.11959977874039919,0.8572181,2.4216447,0.95074457,0.6674361,0.6674361,0.6614187,0.91299415,0.5405832,0.67286795,0.13123847853678924,0.6783024,2.333193,0.89624226
104,0.8484909,0.8484909,0.834061,1.1296341,0.7357943,0.32595596,0.1196364003351365,0.85663956,2.4212992,0.9505611,0.67592984,0.67592984,0.6742451,0.92249197,0.56005895,0.6480863,0.13073934964262524,0.6860764,2.337954,0.8991109
105,0.8488168,0.8488168,0.83452237,1.129884,0.73650783,0.32504818,0.11961459770969961,0.85680366,2.4214988,0.95065624,0.6769288,0.6769288,0.67418367,0.9244671,0.5622952,0.6484171,0.13061646526822676,0.68810064,2.3381002,0.90006536
106,0.84930956,0.84930956,0.8349003,1.1305002,0.7369747,0.32430708,0.11958849991018745,0.85732216,2.4217525,0.9507464,0.66066134,0.66066134,0.6531255,0.90429395,0.5304131,0.68903595,0.13184795345251377,0.67096496,2.330086,0.8932164
107,0.8503842,0.8503842,0.8361015,1.1316645,0.7385931,0.32194728,0.11951760236901798,0.85826015,2.4223406,0.95110697,0.66548663,0.66548663,0.66563684,0.9084467,0.55714804,0.665246,0.13169707759068564,0.6745859,2.3334284,0.8953823
108,0.8503574,0.8503574,0.83638835,1.131533,0.73894095,0.32137683,0.11951694641818945,0.8580834,2.422387,0.9511262,0.64750916,0.64750916,0.6408417,0.886574,0.52139854,0.71394247,0.1330823556161844,0.6562812,2.324315,0.8874561
109,0.85228145,0.85228145,0.838404,1.133784,0.7414486,0.31741947,0.1193878778481278,0.859955,2.4233825,0.95174694,0.63784236,0.63784236,0.62671304,0.87585396,0.49914515,0.741099,0.13344216008598989,0.64814174,2.3181496,0.88449854
110,0.85192794,0.85192794,0.83810896,1.1333002,0.74111795,0.31799513,0.11941309814908724,0.85952055,2.4232295,0.95164937,0.6583183,0.6583183,0.65043116,0.9004406,0.530679,0.6950588,0.13229884946575532,0.6676987,2.3293772,0.8909583
111,0.8531631,0.8531631,0.83949745,1.1345807,0.7428848,0.31526762,0.11933451606196234,0.86051565,2.4239197,0.95200026,0.66282535,0.66282535,0.6575434,0.9060347,0.54138,0.68124676,0.13190584348944517,0.6723587,2.3317602,0.8935112
112,0.85314393,0.85314393,0.8395639,1.1346945,0.74302024,0.31513438,0.11933093982609524,0.8606292,2.4238977,0.95206535,0.6547605,0.6547605,0.64950675,0.8953444,0.53569186,0.69703406,0.13259885964485316,0.663749,2.3279746,0.8903636
113,0.8545841,0.8545841,0.8410544,1.1362914,0.745098,0.31220576,0.11924161203205585,0.8619591,2.4246583,0.9524879,0.62729037,0.62729037,0.6163849,0.8617247,0.48803112,0.7610467,0.13447511167480394,0.63571763,2.3140593,0.87989205
114,0.8532249,0.8532249,0.8395237,1.1347246,0.74288183,0.3152177,0.11933105175608191,0.86064833,2.4239392,0.9519992,0.642309,0.642309,0.63458705,0.8800325,0.51414764,0.72585225,0.1334497929765628,0.6510745,2.3215625,0.8854509
115,0.8494967,0.8494967,0.8362066,1.1301643,0.73850083,0.32172903,0.11956084228452594,0.8567776,2.422096,0.9508112,0.675618,0.675618,0.66745776,0.9232101,0.54608816,0.66135293,0.1307203406897875,0.6867514,2.3372943,0.89868736
116,0.85584176,0.85584176,0.8426359,1.1376586,0.7471695,0.3090969,0.11915442358231408,0.86302227,2.4253604,0.95289063,0.626154,0.626154,0.6124119,0.8596662,0.4865717,0.7692191,0.13496707322505805,0.6339597,2.3139482,0.8775032
117,0.85722286,0.85722286,0.8440321,1.1392877,0.74910814,0.30635613,0.11906064965430348,0.8644072,2.4260523,0.95335203,0.6078225,0.6078225,0.5964613,0.83643746,0.46569014,0.7998856,0.1359197850410755,0.61515325,2.3045468,0.8725135
118,0.8566648,0.8566648,0.8433525,1.1386124,0.7479494,0.30769357,0.11910323179915719,0.86381173,2.425791,0.9531204,0.5980956,0.5980956,0.5815862,0.8252632,0.44168803,0.82951456,0.13636235073208808,0.6061394,2.2996006,0.8683662
119,0.8579038,0.8579038,0.8447327,1.1399678,0.7501341,0.30498028,0.1190245340353456,0.8649296,2.4264433,0.95349634,0.6283513,0.6283513,0.61690533,0.8647219,0.4819315,0.759878,0.13389294628913587,0.6386245,2.3132079,0.88181925
120,0.8581685,0.8581685,0.84522307,1.1402308,0.75069857,0.30401325,0.11900240681722932,0.8651053,2.426621,0.95361716,0.6364793,0.6364793,0.62711555,0.873164,0.50238776,0.7405039,0.13381563969529592,0.64504033,2.318963,0.8836086
121,0.8582596,0.8582596,0.8450788,1.1403605,0.7503189,0.3043004,0.11900373496885958,0.8652411,2.4266303,0.95357907,0.6719783,0.6719783,0.66558385,0.91809595,0.54540706,0.6650935,0.13113063591030927,0.6817898,2.336424,0.8975317
122,0.85932034,0.85932034,0.8465092,1.1414269,0.7523852,0.30148605,0.11893095444331224,0.86606336,2.4272528,0.95396036,0.5852821,0.5852821,0.57468724,0.8080936,0.4386096,0.8420668,0.1370996572650396,0.592417,2.292856,0.86589736
123,0.86044204,0.86044204,0.8478284,1.1427552,0.754145,0.29889125,0.11885255577321026,0.86715865,2.4278507,0.95437026,0.6408135,0.6408135,0.63113225,0.8792593,0.507128,0.7329442,0.1334388529451994,0.6504825,2.3204744,0.88519406
124,0.8570288,0.8570288,0.8444047,1.1386375,0.7494397,0.30561554,0.11907482481208341,0.8636609,2.4261532,0.95324033,0.62873816,0.62873816,0.61702925,0.86262643,0.49366266,0.7601391,0.13471059644451508,0.6366197,2.3151493,0.8790595
125,0.85892457,0.85892457,0.8462235,1.1409098,0.7520754,0.30204585,0.11895158884768513,0.86563724,2.4270487,0.9538281,0.68256,0.68256,0.68351537,0.92893505,0.5714759,0.62969613,0.13070890003672012,0.6908085,2.3419092,0.89956045
126,0.8608244,0.8608244,0.8483178,1.1431724,0.75479686,0.29792982,0.11882392702431514,0.8674755,2.4280753,0.9544851,0.6321432,0.6321432,0.6221091,0.8671623,0.50048953,0.75043756,0.13435582289328943,0.6404783,2.3167543,0.8811306
127,0.86149776,0.86149776,0.84881854,1.1439413,0.7553558,0.29695234,0.11878286751693692,0.8681389,2.4283834,0.95462424,0.60234845,0.60234845,0.5927109,0.832,0.4534548,0.806673,0.13539790001053076,0.61226237,2.2999787,0.8744422
128,0.8619739,0.8619739,0.84959954,1.1443771,0.7564798,0.2954117,0.11875197845885808,0.8684381,2.4287107,0.95480883,0.6149148,0.6149148,0.6021419,0.8464709,0.46562183,0.78799695,0.13497290851978155,0.6232028,2.307458,0.87689656
129,0.8628481,0.8628481,0.8506929,1.14538,0.75801736,0.29326075,0.11868992561324575,0.869259,2.4291875,0.95513225,0.6443099,0.6443099,0.6341433,0.8847233,0.49875715,0.7263806,0.13280368922994687,0.6546633,2.3217976,0.88781565
130,0.8632477,0.8632477,0.8510223,1.1456976,0.7582866,0.29261583,0.11867253488764681,0.86945623,2.4294343,0.95517826,0.66028464,0.66028464,0.6500826,0.90480995,0.5220374,0.6955705,0.13186297978346165,0.671069,2.3299289,0.89308333
131,0.8636975,0.8636975,0.8516405,1.1462915,0.7591459,0.29140007,0.11863267879890299,0.86998063,2.4296434,0.95538795,0.6351581,0.6351581,0.63088167,0.87085795,0.5119849,0.73352945,0.13404669996637564,0.6432345,2.318624,0.8833364
132,0.86476284,0.86476284,0.8527626,1.1475414,0.7606605,0.28919628,0.11856067354052231,0.8710085,2.4302094,0.9557384,0.63747394,0.63747394,0.6283832,0.8753099,0.49532777,0.7379092,0.13354029747155996,0.6463468,2.3192642,0.88458973
133,0.8650992,0.8650992,0.8532427,1.1478617,0.76145023,0.28824842,0.1185419705921206,0.8712475,2.4304035,0.9558477,0.5910816,0.5910816,0.5812645,0.8173918,0.44237897,0.8296017,0.13641145796729967,0.5999591,2.2953355,0.86961114
134,0.86542135,0.86542135,0.8535452,1.1481315,0.7617474,0.2876569,0.11852580255389898,0.87145007,2.4305983,0.9558709,0.6067329,0.6067329,0.59577507,0.83569646,0.46047384,0.8018915,0.1357888761621255,0.61426234,2.3042629,0.8727468
135,0.8643205,0.8643205,0.8526103,1.1468177,0.76045454,0.28949127,0.11859262732510593,0.87032056,2.4300442,0.9555433,0.6876014,0.6876014,0.67883235,0.9388388,0.55720407,0.63902515,0.12984077328672775,0.6995474,2.3431282,0.9031608
136,0.86822426,0.86822426,0.85667264,1.1513007,0.76607215,0.28151056,0.11834169091421297,0.87404805,2.4320755,0.9567905,0.6013552,0.6013552,0.5910782,0.83009297,0.45155084,0.8101265,0.13573053760024217,0.61018187,2.300238,0.8726145
137,0.8685602,0.8685602,0.8570306,1.1516672,0.76660883,0.2808067,0.11831856259926297,0.8743418,2.432268,0.9569009,0.57073575,0.57073575,0.5628197,0.7898163,0.4236685,0.8655819,0.13801559433341026,0.5776423,2.2856588,0.86137176
138,0.8671644,0.8671644,0.85565186,1.1500428,0.7646315,0.28351504,0.11840387523688119,0.8729843,2.4315403,0.95647925,0.60606676,0.60606676,0.5961011,0.835911,0.4527646,0.79950494,0.1351973038453322,0.6144989,2.3027563,0.8757321
139,0.8692514,0.8692514,0.8578497,1.1524305,0.76755095,0.27919853,0.11826868064102085,0.87495404,2.4326456,0.95711505,0.66668034,0.66668034,0.65624803,0.9138533,0.5254663,0.6830779,0.13119104848458216,0.6787924,2.3324106,0.8959608
140,0.86847615,0.86847615,0.8571815,1.1515366,0.7666181,0.280508,0.11831724309715731,0.8741887,2.432261,0.9568894,0.6346446,0.6346446,0.6268222,0.87112767,0.4945409,0.7404431,0.1336500259546133,0.6431544,2.3176816,0.8841481
141,0.86848235,0.86848235,0.85715944,1.1515107,0.7667317,0.28055274,0.11831616869346163,0.8741879,2.4322433,0.95687664,0.64032394,0.64032394,0.63624394,0.87649554,0.51785785,0.72296345,0.133793847492108,0.6477378,2.3214324,0.88484466
142,0.87031287,0.87031287,0.8589695,1.1536558,0.7690258,0.2769999,0.11819805307634945,0.87596685,2.4331875,0.9574376,0.65396035,0.65396035,0.6421614,0.8961378,0.5087375,0.7105148,0.13229414694584332,0.6639003,2.3264945,0.8897145
143,0.8707201,0.8707201,0.85964525,1.1539886,0.77002907,0.2756659,0.11817393651039436,0.8761843,2.433452,0.957555,0.64804685,0.64804685,0.639695,0.8881325,0.5139193,0.7161293,0.13295397970538872,0.6572809,2.3243399,0.8877098
144,0.87277746,0.87277746,0.86186963,1.1563802,0.7732784,0.27129737,0.11803126275196843,0.8782019,2.4344993,0.958254,0.6332049,0.6332049,0.6246184,0.86946815,0.48850185,0.74490154,0.13370658193643276,0.64161783,2.3167827,0.88311774
145,0.8702996,0.8702996,0.85910034,1.1535654,0.76932883,0.27674162,0.11819400355733674,0.8758798,2.4331937,0.9574451,0.6282414,0.6282414,0.6216978,0.8605436,0.5047581,0.7520285,0.13516287482701816,0.6346004,2.3160021,0.87811744
146,0.87260073,0.87260073,0.861781,1.1560878,0.77292895,0.27147046,0.11804601314595375,0.8779049,2.4344628,0.9581738,0.62990063,0.62990063,0.6188596,0.86488986,0.48750135,0.75641835,0.13427150604816585,0.6382404,2.3153477,0.8808663
147,0.8741298,0.8741298,0.86331713,1.157873,0.77517235,0.2684525,0.11794709482754784,0.879401,2.4352348,0.958655,0.6436784,0.6436784,0.6406668,0.8806362,0.5246997,0.7145191,0.1336923259955186,0.6510756,2.323118,0.8852537
148,0.8732351,0.8732351,0.862256,1.156888,0.7736069,0.27054396,0.11800252864586896,0.87859666,2.434757,0.95834565,0.6146709,0.6146709,0.60396004,0.84642375,0.46895725,0.7862464,0.13515218433279258,0.62333655,2.3076978,0.8760842
149,0.87488496,0.87488496,0.8642805,1.158615,0.7766728,0.26655975,0.11789586439985654,0.87996995,2.4356866,0.9588782,0.65835243,0.65835243,0.65064865,0.9000862,0.5290533,0.694793,0.1324718508009727,0.6668423,2.3298435,0.8904278
150,0.8743943,0.8743943,0.86362326,1.1580925,0.7753862,0.26785526,0.1179295529065461,0.87953246,2.435427,0.9587066,0.61146003,0.61146003,0.6007798,0.84132266,0.46320665,0.79065394,0.13528215306309554,0.61924934,2.3054204,0.875185
151,0.87527823,0.87527823,0.86460876,1.1591569,0.7769174,0.26591873,0.11786635817381842,0.88045496,2.435832,0.9590041,0.631221,0.631221,0.6207666,0.86615187,0.49515104,0.7532769,0.1343469412280963,0.63961345,2.31626,0.8811027
152,0.87651217,0.87651217,0.86603004,1.160443,0.7789551,0.26312435,0.11778851435787377,0.88147444,2.4365284,0.95937663,0.6637405,0.6637405,0.660322,0.907212,0.54162973,0.675849,0.1317398740695073,0.67326385,2.3322513,0.89454633
153,0.87733,0.87733,0.8670814,1.1613941,0.78033745,0.2610554,0.11772835935498106,0.8822576,2.4369657,0.95969385,0.6467359,0.6467359,0.63834715,0.88666147,0.5132048,0.7185937,0.13294814658852724,0.65633166,2.323598,0.8879914
154,0.8781084,0.8781084,0.86772174,1.1622916,0.7813782,0.25980085,0.1176812411125364,0.8830295,2.4373467,0.95989734,0.6060351,0.6060351,0.59549254,0.8347992,0.45879877,0.8016627,0.13570046791663537,0.6138561,2.303115,0.873165
155,0.8783968,0.8783968,0.86810356,1.1626065,0.7817582,0.2590502,0.11766123795218167,0.88326186,2.4375226,0.95998865,0.64207375,0.64207375,0.63377154,0.87998044,0.5084472,0.72770417,0.13348985600929994,0.65047365,2.321794,0.8854767
156,0.87791646,0.87791646,0.8675872,1.1620287,0.7808801,0.26006758,0.11769040183688717,0.8827676,2.4372776,0.95981026,0.63800776,0.63800776,0.62898296,0.87472576,0.5051175,0.7370825,0.13385171775634472,0.6464819,2.3196807,0.8837416
157,0.87895656,0.87895656,0.8689839,1.1631095,0.78308046,0.25731596,0.11762178965426724,0.88362586,2.437862,0.9601836,0.6414595,0.6414595,0.63157165,0.8803762,0.501133,0.7316195,0.13326951666520193,0.6509109,2.3208854,0.88610107
158,0.88024944,0.88024944,0.8702553,1.1645887,0.7847502,0.25482103,0.11753765973208964,0.8848493,2.4385333,0.9605741,0.6388903,0.6388903,0.6288568,0.87648034,0.49852112,0.73706824,0.1336607366800308,0.6474756,2.3198943,0.8839765
159,0.8815635,0.8815635,0.8715076,1.1661227,0.78652304,0.25236377,0.1174531671293508,0.8861549,2.4391913,0.9609745,0.6493368,0.6493368,0.6431359,0.8884397,0.523006,0.70985276,0.13314696951554372,0.6575706,2.3255675,0.88747895
160,0.8820248,0.8820248,0.87195516,1.1666144,0.7871343,0.2514848,0.11742775411955242,0.8865368,2.4394524,0.96107733,0.6113638,0.6113638,0.6023702,0.8412132,0.46682322,0.7886624,0.13549419303353016,0.6185796,2.3065114,0.8748812
161,0.88173294,0.88173294,0.8719799,1.1662205,0.787294,0.2514316,0.11743758370478947,0.8861824,2.4393344,0.9610383,0.6487043,0.6487043,0.6375041,0.888941,0.5036546,0.7191655,0.1327664904296398,0.6577903,2.3241525,0.8880426
162,0.88174635,0.88174635,0.8717833,1.166237,0.7868197,0.25182277,0.11744227697109354,0.8862087,2.4393156,0.96098053,0.65347445,0.65347445,0.64897656,0.89318866,0.53214717,0.6981947,0.13287484370745145,0.6614185,2.3277757,0.88912237
163,0.8823387,0.8823387,0.87252843,1.1669266,0.78786147,0.25035697,0.11739771331435647,0.88677603,2.4396372,0.9612134,0.64200616,0.64200616,0.6279839,0.8814021,0.49105024,0.7378635,0.13323635808550394,0.6516242,2.3206623,0.8855635
164,0.8834028,0.8834028,0.87371325,1.1681252,0.78979677,0.24802773,0.11732574614385764,0.88777053,2.440184,0.96156377,0.6261849,0.6261849,0.61933655,0.8585856,0.49660543,0.75643337,0.1350388375039284,0.632952,2.314686,0.8784344
165,0.8844836,0.8844836,0.8748175,1.1693599,0.7911578,0.2458604,0.11725522564916775,0.8887952,2.4407563,0.9619028,0.656719,0.656719,0.65368336,0.89628357,0.5427464,0.6889754,0.13291512962717275,0.66389984,2.3297222,0.8893893
166,0.8854393,0.8854393,0.8759265,1.1703701,0.7928736,0.2436807,0.1171930603597356,0.88961846,2.4412649,0.96219146,0.6559924,0.6559924,0.6513624,0.89593107,0.5356877,0.6934528,0.13277086025247206,0.6637057,2.3291166,0.88984334
167,0.8830322,0.8830322,0.8734173,1.1676021,0.7890407,0.24860844,0.11735204667195506,0.88727874,2.440039,0.96141934,0.6235387,0.6235387,0.6140363,0.8566312,0.4810418,0.76556724,0.13470840436907916,0.63124156,2.3122783,0.8789981
168,0.8864383,0.8864383,0.87707275,1.1715093,0.7944159,0.24142778,0.11712340486032524,0.8905422,2.4418104,0.9625339,0.63504946,0.63504946,0.6259309,0.8710659,0.49770966,0.74274635,0.13406977590460042,0.6432701,2.3181033,0.8824672
169,0.88617337,0.88617337,0.8768471,1.1711303,0.7941816,0.24187022,0.11714437254972157,0.890213,2.4416912,0.9624184,0.67785645,0.67785645,0.6728263,0.9244842,0.5558636,0.6510372,0.1308247118615187,0.68732446,2.3392985,0.8989387
170,0.887391,0.887391,0.87814075,1.1725532,0.7958971,0.23932888,0.11706208996474743,0.8914011,2.4423182,0.9628167,0.67827547,0.67827547,0.6735389,0.9252929,0.55567133,0.6495962,0.13086104799921697,0.6877276,2.3395658,0.8987609
171,0.8871008,0.8871008,0.8778285,1.1722076,0.79547584,0.23994447,0.11707962638345258,0.8911072,2.4421728,0.9627092,0.6468185,0.6468185,0.6382027,0.88654554,0.5060518,0.7181155,0.13285534123961742,0.65583366,2.3234403,0.8878041
172,0.8886512,0.8886512,0.87954,1.1739687,0.7979844,0.2365807,0.11697380715745619,0.89257556,2.442979,0.9632362,0.66730464,0.66730464,0.6634494,0.91032976,0.5443751,0.6695095,0.1318240249959322,0.6748421,2.334864,0.8943165
173,0.8818684,0.8818684,0.87258875,1.1660831,0.78821355,0.25023288,0.11742133503758359,0.88598204,2.4394972,0.96104497,0.64059603,0.64059603,0.6357531,0.87668616,0.5194778,0.7243606,0.13399532362818717,0.6478872,2.321699,0.88375086
174,0.8890579,0.8890579,0.88005555,1.1743972,0.79883945,0.23556766,0.11694291715734992,0.8929289,2.4432027,0.96338356,0.6617641,0.6617641,0.6606488,0.9028658,0.5491367,0.6750489,0.1322872160718991,0.6693662,2.3321626,0.89276564
175,0.88875085,0.88875085,0.8798473,1.1739769,0.7983758,0.23597422,0.11696495122179904,0.89252436,2.4430811,0.9632596,0.6613515,0.6613515,0.6575902,0.90254205,0.5430638,0.68087786,0.1323559416601291,0.66900283,2.3317797,0.89211655
176,0.8904896,0.8904896,0.8816441,1.175968,0.8009294,0.23244506,0.11685113129259526,0.89418924,2.4439807,0.9638291,0.667461,0.667461,0.6678954,0.9090688,0.5600586,0.66080326,0.13201210126280785,0.67427117,2.335191,0.89416456
177,0.89130783,0.89130783,0.8824598,1.1769265,0.8021969,0.23084487,0.11679881260912309,0.89500797,2.444389,0.9640581,0.6281784,0.6281784,0.62246424,0.8611109,0.5018328,0.7499278,0.13490220623520705,0.6350108,2.3154993,0.87924236
178,0.8908385,0.8908385,0.8820694,1.1763427,0.8015833,0.23160951,0.1168286938263082,0.8945009,2.444176,0.963911,0.68242913,0.68242913,0.67361176,0.93061984,0.5457888,0.6480832,0.13045489793786635,0.69193023,2.3410916,0.9001287
179,0.88754195,0.88754195,0.8786978,1.1725222,0.7966936,0.23823163,0.11704639274755428,0.89129114,2.442484,0.96285087,0.654145,0.654145,0.6492987,0.89395946,0.53014207,0.697095,0.13279283992373025,0.6619594,2.3279626,0.8895162
180,0.89336,0.89336,0.88476264,1.1791984,0.805656,0.22631952,0.11666058444942551,0.89688516,2.4454746,0.9647224,0.65961236,0.65961236,0.65806556,0.8992208,0.5494902,0.6801893,0.1327139626328762,0.66644096,2.3313322,0.8908799
181,0.893856,0.893856,0.8853203,1.179727,0.8063623,0.22522438,0.11662614989982939,0.8973081,2.4457471,0.9648877,0.6655536,0.6655536,0.6634395,0.9074289,0.5512602,0.66962045,0.13213128241208882,0.67293805,2.3340065,0.89310265
182,0.89307374,0.89307374,0.88458884,1.1788342,0.80521333,0.22665833,0.11667578624582839,0.89654136,2.4453616,0.9646506,0.6561845,0.6561845,0.6534832,0.89595324,0.539799,0.68910176,0.13272367687179493,0.6636966,2.3293474,0.8905835
183,0.8945737,0.8945737,0.8861497,1.1805573,0.8075415,0.22359483,0.11657439138012371,0.89799315,2.4461315,0.9651455,0.65991163,0.65991163,0.65727013,0.9004387,0.5442274,0.6816186,0.13255365811861478,0.6672621,2.3311555,0.8911578
184,0.8945468,0.8945468,0.8862015,1.1804867,0.8076364,0.22348976,0.11657703402398646,0.89792335,2.4461284,0.9651377,0.66217536,0.66217536,0.6607817,0.9029844,0.55007,0.67484146,0.13232918404615843,0.66942674,2.332432,0.892511
185,0.8936461,0.8936461,0.8852556,1.1794759,0.8061602,0.22534963,0.11663517852624257,0.8970677,2.4456651,0.9648329,0.6632143,0.6632143,0.6635851,0.9045759,0.5554136,0.66933954,0.13211452966699233,0.67121625,2.3326178,0.893901
186,0.8947112,0.8947112,0.8863408,1.1806539,0.80772257,0.22321783,0.11656636040358023,0.8980558,2.4462163,0.9651616,0.671207,0.671207,0.6687639,0.9154692,0.55339396,0.6589939,0.13144236550881314,0.67984474,2.3362982,0.89644116
187,0.8963759,0.8963759,0.88812166,1.1825534,0.81036985,0.21972066,0.11645497174012935,0.8996457,2.4470768,0.96569,0.67388624,0.67388624,0.67376596,0.9176579,0.56497645,0.6491442,0.1314170809319386,0.68162394,2.337993,0.8969107
188,0.8970539,0.8970539,0.888889,1.1832997,0.81149924,0.21821153,0.11641342676747804,0.9002567,2.4474382,0.9658944,0.65710145,0.65710145,0.65886897,0.8955195,0.55481535,0.6786129,0.13290309109366857,0.66350734,2.3302937,0.8906132
189,0.893454,0.893454,0.88523424,1.1791365,0.80612737,0.22539012,0.11664397301601953,0.89674824,2.4456089,0.9647767,0.672772,0.672772,0.67504716,0.91551566,0.57014745,0.6465682,0.1315484746144368,0.6800165,2.3377311,0.8974338
190,0.898466,0.898466,0.89061546,1.1848873,0.81424206,0.21481776,0.11630875508076158,0.90157175,2.4481924,0.9664134,0.6651506,0.6651506,0.66447157,0.9072185,0.55390596,0.6675312,0.13198276282503055,0.67326814,2.3335218,0.8942588
191,0.8995151,0.8995151,0.89169645,1.1860658,0.8157514,0.21269377,0.11624313858819418,0.90255237,2.4487343,0.9667269,0.659084,0.659084,0.6627098,0.89725804,0.5621128,0.67098844,0.13292925684497905,0.66476434,2.331596,0.8908515
192,0.8988943,0.8988943,0.89100015,1.1853586,0.8145709,0.2140638,0.11628377872208755,0.9019517,2.4484253,0.9665395,0.66128,0.66128,0.6621767,0.9012277,0.5565099,0.6720929,0.13256942813213055,0.6681553,2.3321466,0.89180225
193,0.89855856,0.89855856,0.8905671,1.184937,0.8139474,0.2149155,0.11631057944534154,0.90158606,2.4482486,0.966371,0.6645348,0.6645348,0.6643679,0.9053055,0.55351686,0.66754943,0.1322324368243034,0.6711808,2.3337662,0.8933483
194,0.9004883,0.9004883,0.89269894,1.187113,0.81714404,0.21072654,0.11617842791923161,0.9034124,2.449257,0.96701604,0.67160267,0.67160267,0.671868,0.9148616,0.5631389,0.6528847,0.13152373897341582,0.67939126,2.3368335,0.89660174
